<?xml version="1.0" standalone="yes"?>  <DATAPACKET Version="2.0"><METADATA><FIELDS><FIELD attrname="Codigo" fieldtype="i4"/><FIELD attrname="Cliente" fieldtype="string" WIDTH="50"/><FIELD attrname="Fidelidade" fieldtype="i2"/></FIELDS><PARAMS CHANGE_LOG="1 0 4 2 0 4 3 0 4 4 0 4"/></METADATA><ROWDATA><ROW RowState="4" Codigo="1" Cliente="Annalise Keating" Fidelidade="3"/><ROW RowState="4" Codigo="2" Cliente="Wes Gibbins" Fidelidade="2"/><ROW RowState="4" Codigo="3" Cliente="Frank Delfino" Fidelidade="1"/><ROW RowState="4" Codigo="4" Cliente="Asher Millstone" Fidelidade="0"/></ROWDATA></DATAPACKET>