<?xml version="1.0" standalone="yes"?>  <DATAPACKET Version="2.0"><METADATA><FIELDS><FIELD attrname="Codigo" fieldtype="i4"/><FIELD attrname="Produto" fieldtype="string" WIDTH="50"/><FIELD attrname="Preco" fieldtype="r8"/></FIELDS><PARAMS CHANGE_LOG="1 0 4 2 0 4 3 0 4 4 0 4"/></METADATA><ROWDATA><ROW RowState="4" Codigo="1" Produto="Chromecast" Preco="35"/><ROW RowState="4" Codigo="2" Produto="2.1 Sound System" Preco="128"/><ROW RowState="4" Codigo="3" Produto="HD Action Camera" Preco="155"/><ROW RowState="4" Codigo="4" Produto="GPS Lifetime Map Updates" Preco="232"/></ROWDATA></DATAPACKET>