<?xml version="1.0" standalone="yes"?>  <DATAPACKET Version="2.0"><METADATA><FIELDS><FIELD attrname="Codigo" fieldtype="i4"/><FIELD attrname="Nome" fieldtype="string" WIDTH="50"/><FIELD attrname="Cidade" fieldtype="string" WIDTH="50"/></FIELDS><PARAMS/></METADATA><ROWDATA><ROW Codigo="1" Nome="Frank Underwood" Cidade="Washington"/><ROW Codigo="2" Nome="Annalise Keating" Cidade="Philadelphia"/><ROW Codigo="3" Nome="Ethan Burke" Cidade="Boise"/><ROW Codigo="4" Nome="Carrie Mathison" Cidade="New York"/><ROW Codigo="5" Nome="Harold Finch" Cidade="Los Angeles"/><ROW Codigo="6" Nome="Walter White" Cidade="Albuquerque"/><ROW Codigo="7" Nome="Michael Scofield" Cidade="San Diego"/><ROW Codigo="8" Nome="Saul Berenson" Cidade="Chicago"/></ROWDATA></DATAPACKET>