<?xml version="1.0" standalone="yes"?>  <DATAPACKET Version="2.0"><METADATA><FIELDS><FIELD attrname="Codigo" fieldtype="i4"/><FIELD attrname="Descricao" fieldtype="string" WIDTH="50"/><FIELD attrname="Estoque" fieldtype="i4"/></FIELDS><PARAMS/></METADATA><ROWDATA><ROW Codigo="1" Descricao="Roteador Wireless" Estoque="18"/><ROW Codigo="2" Descricao="Pendrive 8GB" Estoque="35"/><ROW Codigo="3" Descricao="Headset com microfone" Estoque="10"/><ROW Codigo="4" Descricao="Mouse �ptico" Estoque="27"/><ROW Codigo="5" Descricao="Notebook i5 6GB" Estoque="15"/><ROW Codigo="6" Descricao="Teclado Multim�dia" Estoque="12"/><ROW Codigo="7" Descricao="Monitor 20 polegadas" Estoque="7"/><ROW Codigo="8" Descricao="Webcam 30 Megapixels" Estoque="4"/></ROWDATA></DATAPACKET>