<?xml version='1.0' encoding='UTF-8'?>
<dataset>
<record><codigo>1</codigo><nome>Charlotte Landsberg</nome><endereco>04 Harper Way</endereco><pais>Indonesia</pais><email>clandsberg0@who.int</email></record><record><codigo>2</codigo><nome>Wilhelmine Aitkenhead</nome><endereco>90 Jenifer Point</endereco><pais>Brazil</pais><email>waitkenhead1@pcworld.com</email></record><record><codigo>3</codigo><nome>Janis Gomar</nome><endereco>2641 Hanson Trail</endereco><pais>Venezuela</pais><email>jgomar2@github.io</email></record><record><codigo>4</codigo><nome>Addie Thomkins</nome><endereco>9 Dahle Street</endereco><pais>South Africa</pais><email>athomkins3@prnewswire.com</email></record><record><codigo>5</codigo><nome>Giorgi Bickell</nome><endereco>98 Armistice Lane</endereco><pais>Nigeria</pais><email>gbickell4@myspace.com</email></record><record><codigo>6</codigo><nome>Lyda Oxby</nome><endereco>378 Coolidge Court</endereco><pais>Egypt</pais><email>loxby5@histats.com</email></record><record><codigo>7</codigo><nome>Alford Tolworthy</nome><endereco>523 Shoshone Street</endereco><pais>Peru</pais><email>atolworthy6@yelp.com</email></record><record><codigo>8</codigo><nome>Ike Muldownie</nome><endereco>52 Almo Parkway</endereco><pais>China</pais><email>imuldownie7@1688.com</email></record><record><codigo>9</codigo><nome>Kenyon Sueter</nome><endereco>62 Grim Point</endereco><pais>China</pais><email>ksueter8@hc360.com</email></record><record><codigo>10</codigo><nome>Gillie Spooner</nome><endereco>99851 Charing Cross Drive</endereco><pais>China</pais><email>gspooner9@domainmarket.com</email></record><record><codigo>11</codigo><nome>Ruttger De Freitas</nome><endereco>14886 Buell Alley</endereco><pais>Indonesia</pais><email>rdea@is.gd</email></record><record><codigo>12</codigo><nome>Kym Accomb</nome><endereco>2 Talmadge Junction</endereco><pais>Portugal</pais><email>kaccombb@cnet.com</email></record><record><codigo>13</codigo><nome>Jacky Kemster</nome><endereco>9089 Reinke Terrace</endereco><pais>Philippines</pais><email>jkemsterc@cnn.com</email></record><record><codigo>14</codigo><nome>Bonnee Maliffe</nome><endereco>38995 Carioca Lane</endereco><pais>Mayotte</pais><email>bmaliffed@people.com.cn</email></record><record><codigo>15</codigo><nome>Fax Gillmor</nome><endereco>973 Packers Park</endereco><pais>Brazil</pais><email>fgillmore@answers.com</email></record><record><codigo>16</codigo><nome>Kipp Duckit</nome><endereco>8 Elmside Point</endereco><pais>Luxembourg</pais><email>kduckitf@vimeo.com</email></record><record><codigo>17</codigo><nome>Berta Rawlison</nome><endereco>0335 Monument Point</endereco><pais>Malaysia</pais><email>brawlisong@bizjournals.com</email></record><record><codigo>18</codigo><nome>Michail Corrao</nome><endereco>56 Northfield Terrace</endereco><pais>Philippines</pais><email>mcorraoh@blogtalkradio.com</email></record><record><codigo>19</codigo><nome>Ingaberg Layzell</nome><endereco>97200 2nd Junction</endereco><pais>Argentina</pais><email>ilayzelli@icio.us</email></record><record><codigo>20</codigo><nome>Claybourne MacElharge</nome><endereco>23 Schlimgen Terrace</endereco><pais>Colombia</pais><email>cmacelhargej@paypal.com</email></record><record><codigo>21</codigo><nome>Kaiser Foote</nome><endereco>45 Bunting Plaza</endereco><pais>Portugal</pais><email>kfootek@reuters.com</email></record><record><codigo>22</codigo><nome>Idell Lefwich</nome><endereco>797 Merrick Hill</endereco><pais>Indonesia</pais><email>ilefwichl@npr.org</email></record><record><codigo>23</codigo><nome>Ava Planque</nome><endereco>1 Brown Hill</endereco><pais>Philippines</pais><email>aplanquem@uiuc.edu</email></record><record><codigo>24</codigo><nome>Des Salan</nome><endereco>7355 Glacier Hill Crossing</endereco><pais>Vietnam</pais><email>dsalann@samsung.com</email></record><record><codigo>25</codigo><nome>Giles Hardan</nome><endereco>22675 Butterfield Circle</endereco><pais>Ukraine</pais><email>ghardano@yolasite.com</email></record><record><codigo>26</codigo><nome>Cally Curd</nome><endereco>00998 Randy Point</endereco><pais>Indonesia</pais><email>ccurdp@nba.com</email></record><record><codigo>27</codigo><nome>Robinson Klimentyev</nome><endereco>63 Laurel Avenue</endereco><pais>China</pais><email>rklimentyevq@meetup.com</email></record><record><codigo>28</codigo><nome>Devlin Cardis</nome><endereco>2 Glendale Pass</endereco><pais>Peru</pais><email>dcardisr@twitter.com</email></record><record><codigo>29</codigo><nome>Josy Folker</nome><endereco>51205 Oneill Crossing</endereco><pais>China</pais><email>jfolkers@washington.edu</email></record><record><codigo>30</codigo><nome>Carce Noor</nome><endereco>8 Drewry Circle</endereco><pais>Venezuela</pais><email>cnoort@canalblog.com</email></record><record><codigo>31</codigo><nome>Teodorico Messier,</nome><endereco>5993 Pond Junction</endereco><pais>Portugal</pais><email>tmessieru@kickstarter.com</email></record><record><codigo>32</codigo><nome>Alecia Kares</nome><endereco>86045 Golf View Drive</endereco><pais>Paraguay</pais><email>akaresv@opera.com</email></record><record><codigo>33</codigo><nome>Bax Gynni</nome><endereco>41928 Lyons Plaza</endereco><pais>Indonesia</pais><email>bgynniw@npr.org</email></record><record><codigo>34</codigo><nome>Mort Lakenton</nome><endereco>20951 Eagle Crest Way</endereco><pais>Dominican Republic</pais><email>mlakentonx@salon.com</email></record><record><codigo>35</codigo><nome>Daisi Iorizzo</nome><endereco>3 Petterle Parkway</endereco><pais>Russia</pais><email>diorizzoy@google.ru</email></record><record><codigo>36</codigo><nome>Ethelind Askham</nome><endereco>3 Declaration Junction</endereco><pais>Portugal</pais><email>easkhamz@macromedia.com</email></record><record><codigo>37</codigo><nome>Sky Orwin</nome><endereco>59622 Commercial Junction</endereco><pais>China</pais><email>sorwin10@soup.io</email></record><record><codigo>38</codigo><nome>Terrance Mingey</nome><endereco>023 Erie Terrace</endereco><pais>Georgia</pais><email>tmingey11@slate.com</email></record><record><codigo>39</codigo><nome>Raimundo Boase</nome><endereco>767 Farwell Hill</endereco><pais>Japan</pais><email>rboase12@spiegel.de</email></record><record><codigo>40</codigo><nome>Mathilde Mattacks</nome><endereco>0961 Talmadge Hill</endereco><pais>Bangladesh</pais><email>mmattacks13@globo.com</email></record><record><codigo>41</codigo><nome>Tam Eglese</nome><endereco>95595 Golf Circle</endereco><pais>China</pais><email>teglese14@g.co</email></record><record><codigo>42</codigo><nome>Nana Burdon</nome><endereco>20 Acker Alley</endereco><pais>Japan</pais><email>nburdon15@nbcnews.com</email></record><record><codigo>43</codigo><nome>Paolo Jorge</nome><endereco>71 Schlimgen Court</endereco><pais>Brazil</pais><email>pjorge16@example.com</email></record><record><codigo>44</codigo><nome>Gaye Small</nome><endereco>1040 Coolidge Hill</endereco><pais>Sweden</pais><email>gsmall17@nhs.uk</email></record><record><codigo>45</codigo><nome>Benetta Birkmyre</nome><endereco>33 Buell Street</endereco><pais>Philippines</pais><email>bbirkmyre18@answers.com</email></record><record><codigo>46</codigo><nome>Daryl Bartosch</nome><endereco>1111 Kingsford Hill</endereco><pais>China</pais><email>dbartosch19@icq.com</email></record><record><codigo>47</codigo><nome>Natassia Anstead</nome><endereco>94 Pankratz Hill</endereco><pais>Indonesia</pais><email>nanstead1a@privacy.gov.au</email></record><record><codigo>48</codigo><nome>Creigh Busfield</nome><endereco>83 Dorton Avenue</endereco><pais>Brazil</pais><email>cbusfield1b@yale.edu</email></record><record><codigo>49</codigo><nome>Aldric Canty</nome><endereco>12 Sunfield Hill</endereco><pais>Czech Republic</pais><email>acanty1c@cocolog-nifty.com</email></record><record><codigo>50</codigo><nome>Theresina Bye</nome><endereco>4 Nobel Street</endereco><pais>Myanmar</pais><email>tbye1d@statcounter.com</email></record><record><codigo>51</codigo><nome>Tanhya Sherrum</nome><endereco>3142 Mifflin Road</endereco><pais>Thailand</pais><email>tsherrum1e@free.fr</email></record><record><codigo>52</codigo><nome>Savina Worms</nome><endereco>81 Melvin Junction</endereco><pais>China</pais><email>sworms1f@sohu.com</email></record><record><codigo>53</codigo><nome>Fonsie Nizet</nome><endereco>169 Ridgeview Circle</endereco><pais>Slovenia</pais><email>fnizet1g@moonfruit.com</email></record><record><codigo>54</codigo><nome>Kingsley Works</nome><endereco>7655 Steensland Point</endereco><pais>Chad</pais><email>kworks1h@unesco.org</email></record><record><codigo>55</codigo><nome>Ailey Huncoot</nome><endereco>29 Westend Circle</endereco><pais>Portugal</pais><email>ahuncoot1i@google.de</email></record><record><codigo>56</codigo><nome>Boothe Pacey</nome><endereco>796 Jenifer Point</endereco><pais>South Sudan</pais><email>bpacey1j@free.fr</email></record><record><codigo>57</codigo><nome>Percival Garr</nome><endereco>8 Summit Court</endereco><pais>Portugal</pais><email>pgarr1k@whitehouse.gov</email></record><record><codigo>58</codigo><nome>Mirelle Hadwen</nome><endereco>37908 Transport Park</endereco><pais>Venezuela</pais><email>mhadwen1l@dagondesign.com</email></record><record><codigo>59</codigo><nome>Darren Styles</nome><endereco>0 Rusk Trail</endereco><pais>Armenia</pais><email>dstyles1m@slideshare.net</email></record><record><codigo>60</codigo><nome>Dacy Doust</nome><endereco>706 Ridge Oak Trail</endereco><pais>France</pais><email>ddoust1n@i2i.jp</email></record><record><codigo>61</codigo><nome>Foster Ziems</nome><endereco>9 Waxwing Road</endereco><pais>China</pais><email>fziems1o@shinystat.com</email></record><record><codigo>62</codigo><nome>Codie Asplen</nome><endereco>0 Kingsford Point</endereco><pais>Russia</pais><email>casplen1p@posterous.com</email></record><record><codigo>63</codigo><nome>Bruce Wrightim</nome><endereco>85086 Waxwing Point</endereco><pais>Philippines</pais><email>bwrightim1q@angelfire.com</email></record><record><codigo>64</codigo><nome>Bobine Jewson</nome><endereco>6 Raven Trail</endereco><pais>China</pais><email>bjewson1r@msn.com</email></record><record><codigo>65</codigo><nome>Lanny Fairbanks</nome><endereco>5029 Portage Junction</endereco><pais>Burkina Faso</pais><email>lfairbanks1s@wikispaces.com</email></record><record><codigo>66</codigo><nome>Gannon Cheal</nome><endereco>803 Mayfield Pass</endereco><pais>Colombia</pais><email>gcheal1t@msu.edu</email></record><record><codigo>67</codigo><nome>Loren Keiling</nome><endereco>2969 Killdeer Point</endereco><pais>Ecuador</pais><email>lkeiling1u@reuters.com</email></record><record><codigo>68</codigo><nome>Brynn Burrell</nome><endereco>977 Miller Way</endereco><pais>Canada</pais><email>bburrell1v@wufoo.com</email></record><record><codigo>69</codigo><nome>Bjorn Grazier</nome><endereco>7294 Anderson Pass</endereco><pais>United States</pais><email>bgrazier1w@constantcontact.com</email></record><record><codigo>70</codigo><nome>Andeee MacAllester</nome><endereco>064 Dakota Way</endereco><pais>Zambia</pais><email>amacallester1x@purevolume.com</email></record><record><codigo>71</codigo><nome>Martelle Tadd</nome><endereco>8 Forest Dale Lane</endereco><pais>Russia</pais><email>mtadd1y@abc.net.au</email></record><record><codigo>72</codigo><nome>Mercedes Poznanski</nome><endereco>2888 Mallard Crossing</endereco><pais>Ivory Coast</pais><email>mpoznanski1z@github.io</email></record><record><codigo>73</codigo><nome>Scottie Sykora</nome><endereco>6 Saint Paul Way</endereco><pais>Mexico</pais><email>ssykora20@buzzfeed.com</email></record><record><codigo>74</codigo><nome>Nikolaos Butt</nome><endereco>9700 Laurel Plaza</endereco><pais>China</pais><email>nbutt21@ebay.com</email></record><record><codigo>75</codigo><nome>Daven Darrach</nome><endereco>996 Kings Trail</endereco><pais>Canada</pais><email>ddarrach22@cbsnews.com</email></record><record><codigo>76</codigo><nome>Hillier Paget</nome><endereco>6 Fallview Drive</endereco><pais>Colombia</pais><email>hpaget23@webs.com</email></record><record><codigo>77</codigo><nome>Kayla Yerson</nome><endereco>3 Debra Parkway</endereco><pais>China</pais><email>kyerson24@shinystat.com</email></record><record><codigo>78</codigo><nome>Alric Caspell</nome><endereco>2816 Fulton Court</endereco><pais>Indonesia</pais><email>acaspell25@dailymail.co.uk</email></record><record><codigo>79</codigo><nome>Shayna Jeandet</nome><endereco>4829 Fulton Avenue</endereco><pais>Brazil</pais><email>sjeandet26@home.pl</email></record><record><codigo>80</codigo><nome>Giselbert Volante</nome><endereco>2 Annamark Park</endereco><pais>South Africa</pais><email>gvolante27@deliciousdays.com</email></record><record><codigo>81</codigo><nome>Kiel Slaughter</nome><endereco>96 Mayer Street</endereco><pais>Mexico</pais><email>kslaughter28@sciencedirect.com</email></record><record><codigo>82</codigo><nome>Winifred Gibben</nome><endereco>55293 Daystar Circle</endereco><pais>France</pais><email>wgibben29@eventbrite.com</email></record><record><codigo>83</codigo><nome>Hinda Katz</nome><endereco>0 Vahlen Center</endereco><pais>Indonesia</pais><email>hkatz2a@discuz.net</email></record><record><codigo>84</codigo><nome>Murry Akenhead</nome><endereco>200 Golf View Way</endereco><pais>Zambia</pais><email>makenhead2b@booking.com</email></record><record><codigo>85</codigo><nome>Arliene Rangle</nome><endereco>18 Ridgeway Street</endereco><pais>Russia</pais><email>arangle2c@ibm.com</email></record><record><codigo>86</codigo><nome>Deeann Charpling</nome><endereco>09 Service Lane</endereco><pais>Ukraine</pais><email>dcharpling2d@ucla.edu</email></record><record><codigo>87</codigo><nome>Lalo Rigg</nome><endereco>242 Twin Pines Way</endereco><pais>Indonesia</pais><email>lrigg2e@livejournal.com</email></record><record><codigo>88</codigo><nome>Leena Blampy</nome><endereco>1817 Haas Alley</endereco><pais>Philippines</pais><email>lblampy2f@dailymail.co.uk</email></record><record><codigo>89</codigo><nome>Shaina Thorowgood</nome><endereco>6 Dunning Park</endereco><pais>Pakistan</pais><email>sthorowgood2g@house.gov</email></record><record><codigo>90</codigo><nome>Emmalyn Rozzier</nome><endereco>22544 Rigney Street</endereco><pais>Japan</pais><email>erozzier2h@liveinternet.ru</email></record><record><codigo>91</codigo><nome>Joelynn Dannell</nome><endereco>6558 Texas Place</endereco><pais>China</pais><email>jdannell2i@storify.com</email></record><record><codigo>92</codigo><nome>Mahmoud Aldred</nome><endereco>55101 Hagan Hill</endereco><pais>Poland</pais><email>maldred2j@webnode.com</email></record><record><codigo>93</codigo><nome>Kerwinn Bedle</nome><endereco>777 Anzinger Way</endereco><pais>Portugal</pais><email>kbedle2k@paypal.com</email></record><record><codigo>94</codigo><nome>Clarke Pancoast</nome><endereco>25335 Boyd Drive</endereco><pais>China</pais><email>cpancoast2l@yellowbook.com</email></record><record><codigo>95</codigo><nome>Griffie Stellin</nome><endereco>362 1st Crossing</endereco><pais>United States</pais><email>gstellin2m@hp.com</email></record><record><codigo>96</codigo><nome>Vivi Morsom</nome><endereco>3612 Old Gate Alley</endereco><pais>Brazil</pais><email>vmorsom2n@wufoo.com</email></record><record><codigo>97</codigo><nome>Wilie Griffith</nome><endereco>80 Northwestern Pass</endereco><pais>Philippines</pais><email>wgriffith2o@dion.ne.jp</email></record><record><codigo>98</codigo><nome>Mannie Thripp</nome><endereco>466 Tony Center</endereco><pais>Ireland</pais><email>mthripp2p@networksolutions.com</email></record><record><codigo>99</codigo><nome>Warde Emson</nome><endereco>3553 Del Mar Parkway</endereco><pais>China</pais><email>wemson2q@webeden.co.uk</email></record><record><codigo>100</codigo><nome>Heinrick Gersam</nome><endereco>8 Dorton Drive</endereco><pais>Ivory Coast</pais><email>hgersam2r@ask.com</email></record></dataset>